Vehicle ID,Identifier,Make,Model,Color,License Plate,Passenger Seats,Status,VIN,Garage Stop,Contractor Name,Vehicle Model Year,Vehicle Description,Emissions Rate,Vehicle Type ID,Capacity Type,Created At,Updated At,Photo URL,Accessibility Features
8027a7ea-5929-422f-aa84-c7b0e1a4a411,EXPL1CA,Ford,Explorer Limited Sport,White,LDP 528,3,active,1FMSK8FH0PGA63255,"1115 Polson Ave, Winnipeg, MB R2X 1M7", Care Accessible Transportation,2023,Car,417,77e0beba-d929-4b9d-b543-920fc6faf5bc,legacy,2024-07-18 20:14:26,2024-07-19 10:54:58,,"walker (count: 2, seat cost: 0, first in last out: False); serviceAnimal (count: 1, seat cost: 1, first in last out: False)"
2afe4910-d1ac-40a8-8264-8dc5404e2e61,C16AB SUV,Toyota,RAV4 LE Hybrid,White,JBV 946,3,active,2T3BWRFV6PW175776,,AB Transit Inc.,2023,Car,417,77e0beba-d929-4b9d-b543-920fc6faf5bc,legacy,2024-07-18 11:51:04,2024-07-19 10:55:05,,"walker (count: 2, seat cost: 0, first in last out: False); serviceAnimal (count: 1, seat cost: 1, first in last out: False)"
6abb6ebe-02ce-42bf-b3ab-527c38c69a16,C15AB SUV,Toyota,RAV4 LE Hybrid,White,JBV 945,3,active,2T3BWRFVXPW173187,,AB Transit Inc.,2023,Car,417,77e0beba-d929-4b9d-b543-920fc6faf5bc,legacy,2024-07-18 11:49:24,2024-07-19 10:55:12,,"walker (count: 2, seat cost: 0, first in last out: False); serviceAnimal (count: 1, seat cost: 1, first in last out: False)"
6ff0db87-533e-4142-bedd-32f37610c2bd,C14AB SUV,Toyota,RAV4 XLE Hybrid,White,JBV 945,3,active,2T3RWRFV6PW169930,,AB Transit Inc.,2023,Car,417,77e0beba-d929-4b9d-b543-920fc6faf5bc,legacy,2024-07-18 11:48:36,2024-07-19 10:55:19,,"walker (count: 2, seat cost: 0, first in last out: False); serviceAnimal (count: 1, seat cost: 1, first in last out: False)"
18167665-3be6-4ad5-b5ee-4cefcad40823,C13AB SUV,Toyota,RAV4 LE Hybrid,White,JBV 933,3,active,2T3BWRFVXRW193720,,AB Transit Inc.,2024,Car,417,77e0beba-d929-4b9d-b543-920fc6faf5bc,legacy,2024-07-18 11:47:34,2024-07-19 10:55:26,,"walker (count: 2, seat cost: 0, first in last out: False); serviceAnimal (count: 1, seat cost: 1, first in last out: False)"
e59908ea-1833-4c3d-bf73-3b9a2540d389,TAOS2AB SUV,Volkswagen,Taos 4Motion S,White,JBS 521,3,active,3VVAX7B20NM068716,,AB Transit Inc.,2022,Car,417,77e0beba-d929-4b9d-b543-920fc6faf5bc,legacy,2024-06-08 21:22:53,2024-07-19 10:57:00,,"walker (count: 2, seat cost: 0, first in last out: False); serviceAnimal (count: 1, seat cost: 1, first in last out: False)"
59a6d9c6-49f7-4b3b-b3a2-c89e0adc1e69,TAOS1AB SUV,Volkswagen,Taos S,White,JBT 832,3,active,3VVCX7B2XPM331290,,AB Transit Inc.,2023,Car,417,77e0beba-d929-4b9d-b543-920fc6faf5bc,legacy,2024-06-08 21:12:36,2024-07-19 10:56:53,,"walker (count: 2, seat cost: 0, first in last out: False); serviceAnimal (count: 1, seat cost: 1, first in last out: False)"
0169916c-4daa-40aa-a35a-e5100ec9da9a,C12AB SUV,Toyota,RAV4 LE Hybrid,White,JBV 932,3,active,2T3BWRFV8RW198334,,AB Transit Inc.,2024,Car,417,77e0beba-d929-4b9d-b543-920fc6faf5bc,legacy,2024-06-08 20:48:12,2024-07-19 10:58:42,,"walker (count: 2, seat cost: 0, first in last out: False); serviceAnimal (count: 1, seat cost: 1, first in last out: False)"
b0824d92-6c48-4a63-8543-65b02074851a,706U BUS,Arboc (GM Chassis),Spirit of Freedom,White,KSH 706,8,active,,"175 Fennell Street, Winnipeg, MB  R3T 0M6",Urban Transit Ltd.,2019,27' Bus; 700U and 800E series,469,7cf39a3a-95f8-4bbf-8b60-dc5bc2ec8edd,legacy,2024-06-03 20:54:28,2024-07-19 10:58:48,,"wheelchair (count: 3, seat cost: 0, first in last out: True); walker (count: 2, seat cost: 0, first in last out: False); oversizedWalker (count: 2, seat cost: 0, first in last out: False); serviceAnimal (count: 2, seat cost: 0, first in last out: False); oxygenTank (count: 3, seat cost: 0, first in last out: False)"
1441d18d-7e7b-42b0-8be5-87defd11aeb9,704U BUS,Arboc (GM Chassis),Spirit of Freedom,White,KSH 704,8,active,,"175 Fennell Street, Winnipeg, MB  R3T 0M6",Urban Transit Ltd.,2019,27' Bus; 700U and 800E series,469,7cf39a3a-95f8-4bbf-8b60-dc5bc2ec8edd,legacy,2024-06-03 20:54:28,2024-07-19 10:58:54,,"wheelchair (count: 3, seat cost: 0, first in last out: True); walker (count: 2, seat cost: 0, first in last out: False); oversizedWalker (count: 2, seat cost: 0, first in last out: False); serviceAnimal (count: 2, seat cost: 0, first in last out: False); oxygenTank (count: 3, seat cost: 0, first in last out: False)"
290e934e-890b-40b1-990e-3e951dd15388,705U BUS,Arboc (GM Chassis),Spirit of Freedom,White,KSH 705,8,active,,"175 Fennell Street, Winnipeg, MB  R3T 0M6",Urban Transit Ltd.,2019,27' Bus; 700U and 800E series,469,7cf39a3a-95f8-4bbf-8b60-dc5bc2ec8edd,legacy,2024-06-03 20:54:28,2024-07-19 10:59:02,,"wheelchair (count: 3, seat cost: 0, first in last out: True); walker (count: 2, seat cost: 0, first in last out: False); oversizedWalker (count: 2, seat cost: 0, first in last out: False); serviceAnimal (count: 2, seat cost: 0, first in last out: False); oxygenTank (count: 3, seat cost: 0, first in last out: False)"
a1b48e6b-ec8a-40bc-b3db-3dba15e564e2,703U BUS,Arboc (GM Chassis),Spirit of Freedom,White,KSH 703,8,active,,"175 Fennell Street, Winnipeg, MB  R3T 0M6",Urban Transit Ltd.,2019,27' Bus; 700U and 800E series,469,7cf39a3a-95f8-4bbf-8b60-dc5bc2ec8edd,legacy,2024-06-03 20:54:28,2024-07-19 10:59:09,,"wheelchair (count: 3, seat cost: 0, first in last out: True); walker (count: 2, seat cost: 0, first in last out: False); oversizedWalker (count: 2, seat cost: 0, first in last out: False); serviceAnimal (count: 2, seat cost: 0, first in last out: False); oxygenTank (count: 3, seat cost: 0, first in last out: False)"
bd6014b7-45bc-454d-918e-67021757c4f2,702U BUS,Arboc (GM Chassis),Spirit of Freedom,White,KSH 702,8,active,,"175 Fennell Street, Winnipeg, MB  R3T 0M6",Urban Transit Ltd.,2019,27' Bus; 700U and 800E series,469,7cf39a3a-95f8-4bbf-8b60-dc5bc2ec8edd,legacy,2024-06-03 20:54:28,2024-07-19 10:59:14,,"wheelchair (count: 3, seat cost: 0, first in last out: True); walker (count: 2, seat cost: 0, first in last out: False); oversizedWalker (count: 2, seat cost: 0, first in last out: False); serviceAnimal (count: 2, seat cost: 0, first in last out: False); oxygenTank (count: 3, seat cost: 0, first in last out: False)"
45113b07-1e0e-400f-8b37-d3a185238e8b,701U BUS,Arboc (GM Chassis),Spirit of Freedom,White,KSH 711,8,active,,"175 Fennell Street, Winnipeg, MB  R3T 0M6",Urban Transit Ltd.,2019,27' Bus; 700U and 800E series,469,7cf39a3a-95f8-4bbf-8b60-dc5bc2ec8edd,legacy,2024-06-03 20:54:28,2024-07-19 10:59:20,,"wheelchair (count: 3, seat cost: 0, first in last out: True); walker (count: 2, seat cost: 0, first in last out: False); oversizedWalker (count: 2, seat cost: 0, first in last out: False); serviceAnimal (count: 2, seat cost: 0, first in last out: False); oxygenTank (count: 3, seat cost: 0, first in last out: False)"
83a91a6f-03e9-43a8-bac9-5d81bf4598c2,606U BUS,Arboc (GM Chassis),Spirit of Mobility,White,KLA 466,5,active,,"175 Fennell Street, Winnipeg, MB  R3T 0M6",Urban Transit Ltd.,2019,24' Bus; 600U and 1500U series,469,7cf39a3a-95f8-4bbf-8b60-dc5bc2ec8edd,legacy,2024-06-03 20:54:28,2024-07-19 10:59:37,,"wheelchair (count: 2, seat cost: 0, first in last out: True); walker (count: 2, seat cost: 0, first in last out: False); oversizedWalker (count: 2, seat cost: 0, first in last out: False); serviceAnimal (count: 2, seat cost: 0, first in last out: False); oxygenTank (count: 2, seat cost: 0, first in last out: False)"
872a94b9-13ac-4797-834a-d96f897ec92e,605U BUS,Arboc (GM Chassis),Spirit of Mobility,White,KLA 465,5,active,,"175 Fennell Street, Winnipeg, MB  R3T 0M6",Urban Transit Ltd.,2019,24' Bus; 600U and 1500U series,469,7cf39a3a-95f8-4bbf-8b60-dc5bc2ec8edd,legacy,2024-06-03 20:54:28,2024-07-19 10:59:43,,"wheelchair (count: 2, seat cost: 0, first in last out: True); walker (count: 2, seat cost: 0, first in last out: False); oversizedWalker (count: 2, seat cost: 0, first in last out: False); serviceAnimal (count: 2, seat cost: 0, first in last out: False); oxygenTank (count: 2, seat cost: 0, first in last out: False)"
9a3f9b5f-e165-487c-8f77-6e478199e94b,604U BUS,Arboc (GM Chassis),Spirit of Mobility,White,KLA 464,5,active,,"175 Fennell Street, Winnipeg, MB  R3T 0M6",Urban Transit Ltd.,2019,24' Bus; 600U and 1500U series,469,7cf39a3a-95f8-4bbf-8b60-dc5bc2ec8edd,legacy,2024-06-03 20:54:28,2024-07-19 10:59:51,,"wheelchair (count: 2, seat cost: 0, first in last out: True); walker (count: 2, seat cost: 0, first in last out: False); oversizedWalker (count: 2, seat cost: 0, first in last out: False); serviceAnimal (count: 2, seat cost: 0, first in last out: False); oxygenTank (count: 2, seat cost: 0, first in last out: False)"
c77be8e1-afbb-4188-a740-0acb6c8df555,603U BUS,Arboc (GM Chassis),Spirit of Mobility,White,KLA 473,5,active,,"175 Fennell Street, Winnipeg, MB  R3T 0M6",Urban Transit Ltd.,2019,24' Bus; 600U and 1500U series,469,7cf39a3a-95f8-4bbf-8b60-dc5bc2ec8edd,legacy,2024-06-03 20:54:28,2024-07-19 10:59:57,,"wheelchair (count: 2, seat cost: 0, first in last out: True); walker (count: 2, seat cost: 0, first in last out: False); oversizedWalker (count: 2, seat cost: 0, first in last out: False); serviceAnimal (count: 2, seat cost: 0, first in last out: False); oxygenTank (count: 2, seat cost: 0, first in last out: False)"
6e3c5727-19cb-4576-82b5-3a56b51ac29b,602U BUS,Arboc (GM Chassis),Spirit of Mobility,White,KLA 472,5,active,,"175 Fennell Street, Winnipeg, MB  R3T 0M6",Urban Transit Ltd.,2019,24' Bus; 600U and 1500U series,469,7cf39a3a-95f8-4bbf-8b60-dc5bc2ec8edd,legacy,2024-06-03 20:54:28,2024-07-19 11:00:03,,"wheelchair (count: 2, seat cost: 0, first in last out: True); walker (count: 2, seat cost: 0, first in last out: False); oversizedWalker (count: 2, seat cost: 0, first in last out: False); serviceAnimal (count: 2, seat cost: 0, first in last out: False); oxygenTank (count: 2, seat cost: 0, first in last out: False)"
36d70024-9acd-47ab-8791-000e8d8d7dcd,601U BUS,Arboc (GM Chassis),Spirit of Mobility,White,KLA 471,5,active,,"175 Fennell Street, Winnipeg, MB  R3T 0M6",Urban Transit Ltd.,2019,24' Bus; 600U and 1500U series,469,7cf39a3a-95f8-4bbf-8b60-dc5bc2ec8edd,legacy,2024-06-03 20:54:28,2024-07-19 11:00:11,,"wheelchair (count: 2, seat cost: 0, first in last out: True); walker (count: 2, seat cost: 0, first in last out: False); oversizedWalker (count: 2, seat cost: 0, first in last out: False); serviceAnimal (count: 2, seat cost: 0, first in last out: False); oxygenTank (count: 2, seat cost: 0, first in last out: False)"
cad9f5b7-dd00-4896-89b0-b8edf9ce014b,1506U BUS,Arboc (GM Chassis),Spirit of Mobility,White,KFN 114,5,active,,"175 Fennell Street, Winnipeg, MB  R3T 0M6",Urban Transit Ltd.,2019,24' Bus; 600U and 1500U series,469,7cf39a3a-95f8-4bbf-8b60-dc5bc2ec8edd,legacy,2024-06-03 20:54:28,2024-07-19 11:01:26,,"wheelchair (count: 2, seat cost: 0, first in last out: True); walker (count: 2, seat cost: 0, first in last out: False); oversizedWalker (count: 2, seat cost: 0, first in last out: False); serviceAnimal (count: 2, seat cost: 0, first in last out: False); oxygenTank (count: 2, seat cost: 0, first in last out: False)"
f479bf19-a5f6-4292-82d1-d95fe03d1e71,1505U BUS,Arboc (GM Chassis),Spirit of Mobility,White,KFN 116,5,active,,"175 Fennell Street, Winnipeg, MB  R3T 0M6",Urban Transit Ltd.,2019,24' Bus; 600U and 1500U series,469,7cf39a3a-95f8-4bbf-8b60-dc5bc2ec8edd,legacy,2024-06-03 20:54:28,2024-07-19 11:01:33,,"wheelchair (count: 2, seat cost: 0, first in last out: True); walker (count: 2, seat cost: 0, first in last out: False); oversizedWalker (count: 2, seat cost: 0, first in last out: False); serviceAnimal (count: 2, seat cost: 0, first in last out: False); oxygenTank (count: 2, seat cost: 0, first in last out: False)"
df3d3d96-d2bf-4c81-a1e5-a3a8267e416d,1504U BUS,Arboc (GM Chassis),Spirit of Mobility,White,KFN 113,5,active,,"175 Fennell Street, Winnipeg, MB  R3T 0M6",Urban Transit Ltd.,2019,24' Bus; 600U and 1500U series,469,7cf39a3a-95f8-4bbf-8b60-dc5bc2ec8edd,legacy,2024-06-03 20:54:28,2024-07-19 11:01:39,,"wheelchair (count: 2, seat cost: 0, first in last out: True); walker (count: 2, seat cost: 0, first in last out: False); oversizedWalker (count: 2, seat cost: 0, first in last out: False); serviceAnimal (count: 2, seat cost: 0, first in last out: False); oxygenTank (count: 2, seat cost: 0, first in last out: False)"
fce7363e-d12e-4b8b-b982-373c4f6e49b3,1502U BUS,Arboc (GM Chassis),Spirit of Mobility,White,KFN 107,5,active,,"175 Fennell Street, Winnipeg, MB  R3T 0M6",Urban Transit Ltd.,2019,24' Bus; 600U and 1500U series,469,7cf39a3a-95f8-4bbf-8b60-dc5bc2ec8edd,legacy,2024-06-03 20:54:28,2024-07-19 11:01:44,,"wheelchair (count: 2, seat cost: 0, first in last out: True); walker (count: 2, seat cost: 0, first in last out: False); oversizedWalker (count: 2, seat cost: 0, first in last out: False); serviceAnimal (count: 2, seat cost: 0, first in last out: False); oxygenTank (count: 2, seat cost: 0, first in last out: False)"
b124aa18-3789-40b5-b875-93637c57322b,1503U BUS,Arboc (GM Chassis),Spirit of Mobility,White,KFN 112,5,active,,"175 Fennell Street, Winnipeg, MB  R3T 0M6",Urban Transit Ltd.,2019,24' Bus; 600U and 1500U series,469,7cf39a3a-95f8-4bbf-8b60-dc5bc2ec8edd,legacy,2024-06-03 20:54:28,2024-07-19 11:01:50,,"wheelchair (count: 2, seat cost: 0, first in last out: True); walker (count: 2, seat cost: 0, first in last out: False); oversizedWalker (count: 2, seat cost: 0, first in last out: False); serviceAnimal (count: 2, seat cost: 0, first in last out: False); oxygenTank (count: 2, seat cost: 0, first in last out: False)"
5622f19e-4a38-4f7e-9c95-da202589a7d2,1501U BUS,Arboc (GM Chassis),Spirit of Mobility,White,KFN 115,5,active,,"175 Fennell Street, Winnipeg, MB  R3T 0M6",Urban Transit Ltd.,2019,24' Bus; 600U and 1500U series,469,7cf39a3a-95f8-4bbf-8b60-dc5bc2ec8edd,legacy,2024-06-03 20:54:28,2024-07-19 11:01:55,,"wheelchair (count: 2, seat cost: 0, first in last out: True); walker (count: 2, seat cost: 0, first in last out: False); oversizedWalker (count: 2, seat cost: 0, first in last out: False); serviceAnimal (count: 2, seat cost: 0, first in last out: False); oxygenTank (count: 2, seat cost: 0, first in last out: False)"
419a9a38-1e9e-45e5-b1b1-44f80ca75964,207M CAR,Toyota,Prius V,White,HRG 611,3,active,JTDZN3EU9HJ065540,"56 Setterington Bay, Winnipeg, MB  R3Y 1W3",Mani-Handi Transit Ltd.,2017,Car,417,77e0beba-d929-4b9d-b543-920fc6faf5bc,legacy,2024-06-03 20:54:28,2024-07-19 11:02:00,,"walker (count: 2, seat cost: 0, first in last out: False); serviceAnimal (count: 1, seat cost: 1, first in last out: False)"
f585a21f-9489-48bc-bd0e-a7f13429fc5c,206M CAR,Volkswagen,Golf SportWagen C-Line,White,KJZ 372,3,active,3VWY57AU4KM518057,"56 Setterington Bay, Winnipeg, MB  R3Y 1W3",Mani-Handi Transit Ltd.,2019,Car,417,77e0beba-d929-4b9d-b543-920fc6faf5bc,legacy,2024-06-03 20:54:28,2024-07-19 11:02:22,,"walker (count: 2, seat cost: 0, first in last out: False); serviceAnimal (count: 1, seat cost: 1, first in last out: False)"
da28ca14-bc20-45cd-b731-a98f16315d6b,205M CAR,Volkswagen,Golf SportWagen C-Line,White,KJZ 335,3,active,3VWY57AUXKM518113,"56 Setterington Bay, Winnipeg, MB  R3Y 1W3",Mani-Handi Transit Ltd.,2019,Car,417,77e0beba-d929-4b9d-b543-920fc6faf5bc,legacy,2024-06-03 20:54:28,2024-07-19 11:02:28,,"walker (count: 2, seat cost: 0, first in last out: False); serviceAnimal (count: 1, seat cost: 1, first in last out: False)"
ae39c7c6-8f6c-40c3-a489-c17648a53d48,204M CAR,Volkswagen,Golf SportWagen C-Line,White,KJZ 334,3,active,3VWY57AU4KM519774,"56 Setterington Bay, Winnipeg, MB  R3Y 1W3",Mani-Handi Transit Ltd.,2019,Car,417,77e0beba-d929-4b9d-b543-920fc6faf5bc,legacy,2024-06-03 20:54:28,2024-07-19 11:02:49,,"walker (count: 2, seat cost: 0, first in last out: False); serviceAnimal (count: 1, seat cost: 1, first in last out: False)"
9caa45b7-42dd-4201-8434-066a0fc8d6c4,203M CAR,Volkswagen,Golf SportWagen C-Line,White,KJZ 336,3,active,3VWY57AU1KM519442,"56 Setterington Bay, Winnipeg, MB  R3Y 1W3",Mani-Handi Transit Ltd.,2019,Car,417,77e0beba-d929-4b9d-b543-920fc6faf5bc,legacy,2024-06-03 20:54:28,2024-07-19 11:02:54,,"walker (count: 2, seat cost: 0, first in last out: False); serviceAnimal (count: 1, seat cost: 1, first in last out: False)"
6f0ebfd4-efa6-4867-81d0-a32775823bbc,202M CAR,Volkswagen,Golf SportWagen C-Line,White,LEM 752,3,active,3VW117AU1KM524072,"56 Setterington Bay, Winnipeg, MB  R3Y 1W3",Mani-Handi Transit Ltd.,2019,Car,417,77e0beba-d929-4b9d-b543-920fc6faf5bc,legacy,2024-06-03 20:54:28,2024-07-19 11:03:00,,"walker (count: 2, seat cost: 0, first in last out: False); serviceAnimal (count: 1, seat cost: 1, first in last out: False)"
64d2f9c4-65cb-4bde-830e-fc16924cd445,201M CAR,Volkswagen,Golf SportWagen C-Line,White,KJZ 313,3,active,3VWY57AU9KM518927,"56 Setterington Bay, Winnipeg, MB  R3Y 1W3",Mani-Handi Transit Ltd.,2019,Car,417,77e0beba-d929-4b9d-b543-920fc6faf5bc,legacy,2024-06-03 20:54:28,2024-07-19 11:03:05,,"walker (count: 2, seat cost: 0, first in last out: False); serviceAnimal (count: 1, seat cost: 1, first in last out: False)"
163ac249-327b-4311-917f-34eff7050c9e,675-05J CAR,Toyota,Prius V,White,HWB 923,3,active,JTDZN3EU7HJ069313,"10 Quantrell Bay, Winnipeg, MB  R2N 4L4",JD Taxi Inc.,2017,Car,417,77e0beba-d929-4b9d-b543-920fc6faf5bc,legacy,2024-06-03 20:54:28,2024-07-19 10:52:48,,"walker (count: 2, seat cost: 0, first in last out: False); serviceAnimal (count: 1, seat cost: 1, first in last out: False)"
47196763-ba82-499f-8fdd-9437bc6699d7,675-07J CAR,Toyota,Prius V,White,HKX 921,3,active,JTDZN3EU0GJ051847,"130 Bellflower Rd, Winnipeg, MB  R3Y 0J1",JD Taxi Inc.,2016,Car,417,77e0beba-d929-4b9d-b543-920fc6faf5bc,legacy,2024-06-03 20:54:28,2024-07-19 10:53:04,,"walker (count: 2, seat cost: 0, first in last out: False); serviceAnimal (count: 1, seat cost: 1, first in last out: False)"
6f2801c0-ea37-4971-9acb-d368e8bd0084,675-04J CAR,Toyota,Prius V,White,HWB 924,3,active,JTDZN3EU2C3062217,"19-182 Colony St, Winnipeg, MB  R3C 1W3",JD Taxi Inc.,2017,Car,417,77e0beba-d929-4b9d-b543-920fc6faf5bc,legacy,2024-06-03 20:54:28,2024-07-19 10:52:18,,"walker (count: 2, seat cost: 0, first in last out: False); serviceAnimal (count: 1, seat cost: 1, first in last out: False)"
96710a59-f1cc-48bd-b5a0-7e313a3f006f,675-03J CAR,Toyota,Prius V,White,HWB 920,3,active,,"13-677 Maryland St, Winnipeg, MB  R3E 1W1",JD Taxi Inc.,2017,Car,417,77e0beba-d929-4b9d-b543-920fc6faf5bc,legacy,2024-06-03 20:54:28,2024-07-19 10:51:49,,"walker (count: 2, seat cost: 0, first in last out: False); serviceAnimal (count: 1, seat cost: 1, first in last out: False)"
11d459df-f807-4254-bdd3-7cd58efc1c46,675-02J CAR,Toyota,Prius V,White,LGP 290,3,active,JTDZN3EUXGJ053301,"300 Toronto St, Winnipeg, MB  R3G 1S2",JD Taxi Inc.,2016,Car,417,77e0beba-d929-4b9d-b543-920fc6faf5bc,legacy,2024-06-03 20:54:28,2024-07-20 15:51:11,,"walker (count: 2, seat cost: 0, first in last out: False); serviceAnimal (count: 1, seat cost: 1, first in last out: False)"
46f66fb3-f2dd-459a-9bf0-1c3f1e9134fd,675-01J CAR,Toyota,Prius V,White,HWB 863,3,active,JTDZN3EU7HJ069165,"2005-411 Cumberland Ave, Winnipeg, MB  R3B 1T7",JD Taxi Inc.,2017,Car,417,77e0beba-d929-4b9d-b543-920fc6faf5bc,legacy,2024-06-03 20:54:28,2024-07-19 10:51:02,,"walker (count: 2, seat cost: 0, first in last out: False); serviceAnimal (count: 1, seat cost: 1, first in last out: False)"
4da04417-23af-4b1f-82d9-2f800055b35f,1756E VAN,Dodge,Ram ProMaster,White,HSY 166,3,active,,"106 De Vos Rd, Winnipeg, MB  R3T 5Y1",Exact Care Inc.,,Lift Van,417,e4a048ac-038e-4c6d-b999-ec88bd7e2701,legacy,2024-06-03 20:54:28,2024-06-08 19:39:53,,"wheelchair (count: 2, seat cost: 0, first in last out: True); walker (count: 1, seat cost: 0, first in last out: False); serviceAnimal (count: 2, seat cost: 0, first in last out: False); oxygenTank (count: 2, seat cost: 0, first in last out: False)"
e1bd5e60-5a9a-4451-88a5-edd0e20f1b63,1755E VAN,Dodge,Ram ProMaster,White,HSY 165,3,active,,"3078 Ness Ave, Winnipeg, MB  R2Y 0G2",Exact Care Inc.,2017,Lift Van,417,e4a048ac-038e-4c6d-b999-ec88bd7e2701,legacy,2024-06-03 20:54:28,2024-07-19 11:03:50,,"wheelchair (count: 2, seat cost: 0, first in last out: True); walker (count: 1, seat cost: 0, first in last out: False); serviceAnimal (count: 2, seat cost: 0, first in last out: False); oxygenTank (count: 2, seat cost: 0, first in last out: False)"
39be87c9-fa91-406c-99d3-e9c1a9a7d76a,1754E VAN,Dodge,Ram ProMaster,White,HSY 164,3,active,,"1508 Leila Ave, Winnipeg, MB  R2P 1L2",Exact Care Inc.,2017,Lift Van,417,e4a048ac-038e-4c6d-b999-ec88bd7e2701,legacy,2024-06-03 20:54:28,2024-07-19 11:03:57,,"wheelchair (count: 2, seat cost: 0, first in last out: True); walker (count: 1, seat cost: 0, first in last out: False); serviceAnimal (count: 2, seat cost: 0, first in last out: False); oxygenTank (count: 2, seat cost: 0, first in last out: False)"
fe492669-8d8c-4dcd-8efe-e60d6a5a410f,1753E VAN,Dodge,Ram ProMaster,White,HSY 163,3,active,,"170 Singh Trail, Winnipeg, MB  R2R 2A5",Exact Care Inc.,2017,Lift Van,417,e4a048ac-038e-4c6d-b999-ec88bd7e2701,legacy,2024-06-03 20:54:28,2024-07-19 11:04:04,,"wheelchair (count: 2, seat cost: 0, first in last out: True); walker (count: 1, seat cost: 0, first in last out: False); serviceAnimal (count: 2, seat cost: 0, first in last out: False); oxygenTank (count: 2, seat cost: 0, first in last out: False)"
bc5d5fda-28e9-4da3-9cfa-36cf5d2f2888,1751E VAN,Dodge,Ram ProMaster,White,HSY 161,3,active,,"35 Willow Brook Rd, Winnipeg, MB  R3Y 0N7",Exact Care Inc.,2017,Lift Van,417,e4a048ac-038e-4c6d-b999-ec88bd7e2701,legacy,2024-06-03 20:54:28,2024-07-19 11:04:10,,"wheelchair (count: 2, seat cost: 0, first in last out: True); walker (count: 1, seat cost: 0, first in last out: False); serviceAnimal (count: 2, seat cost: 0, first in last out: False); oxygenTank (count: 2, seat cost: 0, first in last out: False)"
f03e8ebf-596b-4d1a-95b3-7f8ac3adc080,1752E VAN,Dodge,Ram ProMaster,White,HSY 162,3,active,,"36 Ravenhill Rd, Winnipeg, MB  R2K 3K5",Exact Care Inc.,2017,Lift Van,417,e4a048ac-038e-4c6d-b999-ec88bd7e2701,legacy,2024-06-03 20:54:28,2024-07-19 11:04:16,,"wheelchair (count: 2, seat cost: 0, first in last out: True); walker (count: 1, seat cost: 0, first in last out: False); serviceAnimal (count: 2, seat cost: 0, first in last out: False); oxygenTank (count: 2, seat cost: 0, first in last out: False)"
7e88cc08-a779-4aa4-b8bc-0cc84cfe08cf,806E BUS,Arboc (GM Chassis),Spirit of Freedom,White,KPV 916,8,active,,"144 Lakebourne Dr, Winnipeg, MB  R2P 1R8",Exact Care Inc.,2020,27' Bus; 700U and 800E series,469,7cf39a3a-95f8-4bbf-8b60-dc5bc2ec8edd,legacy,2024-06-03 20:54:28,2024-07-19 11:04:22,,"wheelchair (count: 3, seat cost: 0, first in last out: True); walker (count: 2, seat cost: 0, first in last out: False); oversizedWalker (count: 2, seat cost: 0, first in last out: False); serviceAnimal (count: 2, seat cost: 0, first in last out: False); oxygenTank (count: 3, seat cost: 0, first in last out: False)"
e6818639-9148-417e-9f94-286f6d419b14,805E BUS,Arboc (GM Chassis),Spirit of Freedom,White,KPV 911,8,active,,"106 De Vos Rd, Winnipeg, MB  R3T 5Y1",Exact Care Inc.,2020,27' Bus; 700U and 800E series,469,7cf39a3a-95f8-4bbf-8b60-dc5bc2ec8edd,legacy,2024-06-03 20:54:28,2024-07-19 11:04:27,,"wheelchair (count: 3, seat cost: 0, first in last out: True); walker (count: 2, seat cost: 0, first in last out: False); oversizedWalker (count: 2, seat cost: 0, first in last out: False); serviceAnimal (count: 2, seat cost: 0, first in last out: False); oxygenTank (count: 3, seat cost: 0, first in last out: False)"
d9759bfb-34b4-48ca-89d8-df9de3ab43cd,804E BUS,Arboc (GM Chassis),Spirit of Freedom,White,KPV 914,8,active,,"123 Yorkvalley Way, Winnipeg, MB  R3Y 0K7",Exact Care Inc.,,27' Bus; 700U and 800E series,469,7cf39a3a-95f8-4bbf-8b60-dc5bc2ec8edd,legacy,2024-06-03 20:54:28,2024-06-08 20:13:17,,"wheelchair (count: 3, seat cost: 0, first in last out: True); walker (count: 2, seat cost: 0, first in last out: False); oversizedWalker (count: 2, seat cost: 0, first in last out: False); serviceAnimal (count: 2, seat cost: 0, first in last out: False); oxygenTank (count: 3, seat cost: 0, first in last out: False)"
fbd2cbf8-afcf-4f52-b154-67256fa58666,803E BUS,Arboc (GM Chassis),Spirit of Freedom,White,KPV 913,8,active,,"27 Grassy Lake Dr, Winnipeg, MB  R3Y 0E8",Exact Care Inc.,2020,27' Bus; 700U and 800E series,469,7cf39a3a-95f8-4bbf-8b60-dc5bc2ec8edd,legacy,2024-06-03 20:54:28,2024-07-19 11:04:37,,"wheelchair (count: 3, seat cost: 0, first in last out: True); walker (count: 2, seat cost: 0, first in last out: False); oversizedWalker (count: 2, seat cost: 0, first in last out: False); serviceAnimal (count: 2, seat cost: 0, first in last out: False); oxygenTank (count: 3, seat cost: 0, first in last out: False)"
2fb04d64-8a39-4ded-b798-9d870e96c7b0,802E BUS,Arboc (GM Chassis),Spirit of Freedom,White,KPV 912,8,active,,"123 Reenders Dr, Winnipeg, MB  R2C 5E8",Exact Care Inc.,,27' Bus; 700U and 800E series,469,7cf39a3a-95f8-4bbf-8b60-dc5bc2ec8edd,legacy,2024-06-03 20:54:28,2024-06-08 20:14:52,,"wheelchair (count: 3, seat cost: 0, first in last out: True); walker (count: 2, seat cost: 0, first in last out: False); oversizedWalker (count: 2, seat cost: 0, first in last out: False); serviceAnimal (count: 2, seat cost: 0, first in last out: False); oxygenTank (count: 3, seat cost: 0, first in last out: False)"
29c9d5b7-925a-4ed9-9f2a-5f5f23946554,801E BUS,Arboc (GM Chassis),Spirit of Freedom,White,KPV 915,8,active,,"106 De Vos Rd, Winnipeg, MB  R3T 5Y1",Exact Care Inc.,2020,27' Bus; 700U and 800E series,469,7cf39a3a-95f8-4bbf-8b60-dc5bc2ec8edd,legacy,2024-06-03 20:54:28,2024-07-19 11:05:36,,"wheelchair (count: 3, seat cost: 0, first in last out: True); walker (count: 2, seat cost: 0, first in last out: False); oversizedWalker (count: 2, seat cost: 0, first in last out: False); serviceAnimal (count: 2, seat cost: 0, first in last out: False); oxygenTank (count: 3, seat cost: 0, first in last out: False)"
e4cd292d-955a-4fa0-9055-3e78ae7071a0,C6CA SUV,Toyota,RAV4 XLE Hybrid,White,LDP 537,3,active,2T3RWRFV6PW169491,"175 Worthington Ave, Winnipeg, MB  R2M 1R9",Care Accessible Transportation,2023,Car,417,77e0beba-d929-4b9d-b543-920fc6faf5bc,legacy,2024-06-03 20:54:28,2024-07-19 11:05:42,,"walker (count: 2, seat cost: 0, first in last out: False); serviceAnimal (count: 1, seat cost: 1, first in last out: False)"
d9deec17-6962-4c0d-a8c3-f1d44203de11,C5CA SUV,Toyota,RAV4 XLE Hybrid,White,LDP 534,3,active,2T3RWRFV4PW167402,"408-1325 Jefferson Ave, Winnipeg, MB  R2P 2K1",Care Accessible Transportation,2023,Car,417,77e0beba-d929-4b9d-b543-920fc6faf5bc,legacy,2024-06-03 20:54:28,2024-07-19 11:05:48,,"walker (count: 2, seat cost: 0, first in last out: False); serviceAnimal (count: 1, seat cost: 1, first in last out: False)"
20fdd2a0-ec19-44c3-8ce1-e6de9a9837c6,C4CA SUV,Toyota,RAV4 XLE Hybrid,White,LJP 804,3,active,2T3BWRFV8PW182891,"1005 Royse Ave, Winnipeg, MB  R3T 1V4",Care Accessible Transportation,2023,Car,417,77e0beba-d929-4b9d-b543-920fc6faf5bc,legacy,2024-06-03 20:54:28,2024-07-19 11:05:53,,"walker (count: 2, seat cost: 0, first in last out: False); serviceAnimal (count: 1, seat cost: 1, first in last out: False)"
19ab5751-b8b3-4ebe-954d-17466715f07c,C3CA SUV,Toyota,RAV4 XLE Hybrid,White,LDP 531,3,active,2T3BWRFV7PW159747,"1070 Sherburn St, Winnipeg, MB  R3E 2M9",Care Accessible Transportation,2023,Car,417,77e0beba-d929-4b9d-b543-920fc6faf5bc,legacy,2024-06-03 20:54:28,2024-07-19 11:05:59,,"walker (count: 2, seat cost: 0, first in last out: False); serviceAnimal (count: 1, seat cost: 1, first in last out: False)"
323483a6-e6aa-47fb-805c-e5fb977b2513,C1CA SUV,Toyota,RAV4 XLE Hybrid,White,LDP 529,3,active,2T3BWRFVXPW158897,"338A Rutland St, Winnipeg, MB  R3J 1X8",Care Accessible Transportation,2023,Car,417,77e0beba-d929-4b9d-b543-920fc6faf5bc,legacy,2024-06-03 20:54:28,2024-07-19 11:06:06,,"walker (count: 2, seat cost: 0, first in last out: False); serviceAnimal (count: 1, seat cost: 1, first in last out: False)"
e7a3193c-3089-4907-b6e6-211f0bfe712f,C2CA SUV,Toyota,RAV4 XLE Hybrid,White,LMP 368,3,active,2T3BWRFV4RW201472,"1115 Polson Ave, Winnipeg, MB  R2X 1M7",Care Accessible Transportation,2023,Car,417,77e0beba-d929-4b9d-b543-920fc6faf5bc,legacy,2024-06-03 20:54:28,2024-07-22 19:00:44,,"walker (count: 2, seat cost: 0, first in last out: False); serviceAnimal (count: 1, seat cost: 1, first in last out: False)"
d6c07072-028e-4233-9703-41d47040012e,786A CAR,Volkswagen,Golf SportWagen,White,XXX XXX,3,active,,"500 Mandalay Dr, Winnipeg, MB  R2P 1V4",AB Transit Inc.,,Car,417,77e0beba-d929-4b9d-b543-920fc6faf5bc,legacy,2024-06-03 20:54:28,2024-07-18 11:59:03,,"walker (count: 2, seat cost: 0, first in last out: False); serviceAnimal (count: 1, seat cost: 1, first in last out: False)"
c28e569d-89a4-4821-9fa9-c613eab0e0ef,785A CAR,Volkswagen,Golf SportWagen,White,KCT 420,3,active,3VW117AU3KM516748,"355 Laurel Bay, Winnipeg, MB  R5N 0J5",AB Transit Inc.,2019,Car,417,77e0beba-d929-4b9d-b543-920fc6faf5bc,legacy,2024-06-03 20:54:28,2024-07-19 11:06:32,,"walker (count: 2, seat cost: 0, first in last out: False); serviceAnimal (count: 1, seat cost: 1, first in last out: False)"
e7669b4c-5df8-40d3-9b91-8371189cd073,784A CAR,Volkswagen,Golf SportWagen C-Line,White,LKU 264,3,active,3VWY57AU1KM515150,"113 William Tweed Terr, Winnipeg, MB  R3W 0P9",AB Transit Inc.,2019,Car,417,77e0beba-d929-4b9d-b543-920fc6faf5bc,legacy,2024-06-03 20:54:28,2024-07-19 11:06:40,,"walker (count: 2, seat cost: 0, first in last out: False); serviceAnimal (count: 1, seat cost: 1, first in last out: False)"
b1467d29-fc61-4d8b-86b1-b8d99bc8d75a,783A CAR,Volkswagen,Golf SportWagen C-Line,White,KFN 133,3,active,3VWY57AU3KM514176,"24-182 Colony St, Winnipeg, MB  R3C 1W3",AB Transit Inc.,2019,Car,417,77e0beba-d929-4b9d-b543-920fc6faf5bc,legacy,2024-06-03 20:54:28,2024-07-19 11:07:02,,"walker (count: 2, seat cost: 0, first in last out: False); serviceAnimal (count: 1, seat cost: 1, first in last out: False)"
f47985d1-a91d-4c59-8243-37d93a786369,782A CAR,Volkswagen,Golf SportWagen C-Line,White,KFN 132,3,active,,"935 Henry Ave, Winnipeg, MB  R3E 3L3",AB Transit Inc.,2019,Car,417,77e0beba-d929-4b9d-b543-920fc6faf5bc,legacy,2024-06-03 20:54:28,2024-07-19 11:07:08,,"walker (count: 2, seat cost: 0, first in last out: False); serviceAnimal (count: 1, seat cost: 1, first in last out: False)"
5cad3ef7-3920-46cc-a40f-2e9199a97dc0,781A CAR,Volkswagen,Golf SportWagen,White,KFN 131,3,active,,"935 Henry Ave, Winnipeg, MB  R3E 3L3",AB Transit Inc.,,Car,417,77e0beba-d929-4b9d-b543-920fc6faf5bc,legacy,2024-06-03 20:54:28,2024-07-18 11:39:49,,"walker (count: 2, seat cost: 0, first in last out: False); serviceAnimal (count: 1, seat cost: 1, first in last out: False)"
55e8d7b8-630a-448e-8e35-4617f23b247d,726A CAR,Volkswagen,Golf SportWagen,White,XXX XXX,3,active,,"91 Willowlake Cres, Winnipeg, MB  R2J 3E6",AB Transit Inc.,,Car,417,77e0beba-d929-4b9d-b543-920fc6faf5bc,legacy,2024-06-03 20:54:28,2024-07-18 11:57:46,,"walker (count: 2, seat cost: 0, first in last out: False); serviceAnimal (count: 1, seat cost: 1, first in last out: False)"
a0f02327-c2de-43dc-bc9b-e64351d72903,725A CAR,Volkswagen,Golf SportWagen,White,JBV 943,3,active,3VW117AU0KM505299,"119 Montvale Cres, Winnipeg, MB  R3X 2H5",AB Transit Inc.,,Car,417,77e0beba-d929-4b9d-b543-920fc6faf5bc,legacy,2024-06-03 20:54:28,2024-07-18 11:39:12,,"walker (count: 2, seat cost: 0, first in last out: False); serviceAnimal (count: 1, seat cost: 1, first in last out: False)"
be6c4a0a-0024-408a-9c42-cd5be88c6d5e,724A CAR,Volkswagen,Golf SportWagen C-Line,White,KHF 237,3,active,3VW117AU9KM508119,"4 Guernsey Lane, Winnipeg, MB  R2N 0H8",AB Transit Inc.,2019,Car,417,77e0beba-d929-4b9d-b543-920fc6faf5bc,legacy,2024-06-03 20:54:28,2024-07-19 11:07:19,,"walker (count: 2, seat cost: 0, first in last out: False); serviceAnimal (count: 1, seat cost: 1, first in last out: False)"
957bcdbd-57da-411f-8825-da71a709b6fd,723A CAR,Volkswagen,Golf SportWagen,White,KCT 423,3,active,,"124 Lindmere Dr, Winnipeg, MB  R3P 2R5",AB Transit Inc.,,Car,417,77e0beba-d929-4b9d-b543-920fc6faf5bc,legacy,2024-06-03 20:54:28,2024-06-08 20:31:31,,"walker (count: 2, seat cost: 0, first in last out: False); serviceAnimal (count: 1, seat cost: 1, first in last out: False)"
6a9ebca5-859e-4d86-bab1-c3ae3a85290e,722A CAR,Volkswagen,Golf SportWagen,White,KCT 422,3,active,3VW117AU5KM505251,"997 Consol Ave, Winnipeg, MB  R2K 1T7",AB Transit Inc.,2019,Car,417,77e0beba-d929-4b9d-b543-920fc6faf5bc,legacy,2024-06-03 20:54:28,2024-07-19 11:07:29,,"walker (count: 2, seat cost: 0, first in last out: False); serviceAnimal (count: 1, seat cost: 1, first in last out: False)"
7ca8377e-673e-452d-a4ef-ea9657b0698f,721A CAR,Volkswagen,Golf SportWagen,White,LKU 273,3,active,3VW117AU7KM505297,"59 Abington Rd, Winnipeg, MB  R2J 3S7",AB Transit Inc.,2019,Car,417,77e0beba-d929-4b9d-b543-920fc6faf5bc,legacy,2024-06-03 20:54:28,2024-07-19 11:07:40,,"walker (count: 2, seat cost: 0, first in last out: False); serviceAnimal (count: 1, seat cost: 1, first in last out: False)"
5771756c-b230-430c-b5e7-189a5bec8751,C9AB SUV,Toyota,RAV4 XLE Hybrid,White,JBV 929,3,active,2T3RWRFV9MW119678,"51 Ravenhill Rd, Winnipeg, MB  R2K 3K4",AB Transit Inc.,2021,Car,417,77e0beba-d929-4b9d-b543-920fc6faf5bc,legacy,2024-06-03 20:54:28,2024-07-19 11:08:11,,"walker (count: 2, seat cost: 0, first in last out: False); serviceAnimal (count: 1, seat cost: 1, first in last out: False)"
1acfd279-1f1b-4b4c-b20c-8a30581d415a,1201A BUS,Arboc (GM Chassis),Spirit of Mobility,White,KFM 981,3,active,1HA6GUBG8KN006573,"935 Henry Ave, Winnipeg, MB  R3E 3L3",AB Transit Inc.,2019,24' Bus; 1200A series,417,7cf39a3a-95f8-4bbf-8b60-dc5bc2ec8edd,legacy,2024-06-03 20:54:28,2024-07-19 11:08:18,,"wheelchair (count: 2, seat cost: 0, first in last out: True); walker (count: 2, seat cost: 0, first in last out: False); oversizedWalker (count: 2, seat cost: 0, first in last out: False); serviceAnimal (count: 3, seat cost: 0, first in last out: False); oxygenTank (count: 2, seat cost: 0, first in last out: False)"
33380a0a-ade1-4dc3-8534-fa9a3f58dfe4,C10AB SUV,Toyota,RAV4 LE Hybrid,White,JBV 930,3,active,2T3BWRFV4RW187170,"1665 Forbes Rd, Winnipeg, MB  R2N 4B7",AB Transit Inc.,2024,Car,417,77e0beba-d929-4b9d-b543-920fc6faf5bc,legacy,2024-06-03 20:54:28,2024-07-19 11:08:24,,"walker (count: 2, seat cost: 0, first in last out: False); serviceAnimal (count: 1, seat cost: 1, first in last out: False)"
5d317924-7fa6-4d79-87ba-63634107f4aa,C11AB SUV,Toyota,RAV4 LE Hybrid,White,JBV 931,3,active,2T3BWRFV2RW186860,"43 Wayfield Dr, Winnipeg, MB  R3T 6E2",AB Transit Inc.,2024,Car,417,77e0beba-d929-4b9d-b543-920fc6faf5bc,legacy,2024-06-03 20:54:28,2024-07-19 11:08:30,,"walker (count: 2, seat cost: 0, first in last out: False); serviceAnimal (count: 1, seat cost: 1, first in last out: False)"
5f7c2fbb-14fb-461c-83d1-d4606cea75d9,C8AB SUV,Toyota,RAV4 LE Hybrid,White,JBV 928,3,active,2T3BWRFV1NW131472,"30 Bounty Bay, Winnipeg, MB  R3X 1Z3",AB Transit Inc.,2022,Car,417,77e0beba-d929-4b9d-b543-920fc6faf5bc,legacy,2024-06-03 20:54:28,2024-07-19 11:08:37,,"walker (count: 2, seat cost: 0, first in last out: False); serviceAnimal (count: 1, seat cost: 1, first in last out: False)"
68018b5d-a9ad-4a03-8c04-68b8eb7cb6eb,1206A BUS,Arboc (GM Chassis),Spirit of Mobility,White,KFM 986,3,active,1HA6GUBG1KN009363,"935 Henry Ave, Winnipeg, MB  R3E 3L3",AB Transit Inc.,2019,24' Bus; 1200A series,417,7cf39a3a-95f8-4bbf-8b60-dc5bc2ec8edd,legacy,2024-06-03 20:54:28,2024-07-19 11:08:43,,"wheelchair (count: 2, seat cost: 0, first in last out: True); walker (count: 2, seat cost: 0, first in last out: False); oversizedWalker (count: 2, seat cost: 0, first in last out: False); serviceAnimal (count: 3, seat cost: 0, first in last out: False); oxygenTank (count: 2, seat cost: 0, first in last out: False)"
9e4ca7c3-c660-4db7-a1f0-07222ea30c5e,1203A BUS,Arboc (GM Chassis),Spirit of Mobility,White,KFM 983,3,active,1HA6GUBG4KN009647,"1425 Regent Ave W, Winnipeg, MB  R2C 3B2",AB Transit Inc.,2019,24' Bus; 1200A series,417,77e0beba-d929-4b9d-b543-920fc6faf5bc,legacy,2024-06-03 20:54:28,2024-07-19 11:08:49,,"wheelchair (count: 2, seat cost: 0, first in last out: True); walker (count: 2, seat cost: 0, first in last out: False); oversizedWalker (count: 2, seat cost: 0, first in last out: False); serviceAnimal (count: 3, seat cost: 0, first in last out: False); oxygenTank (count: 2, seat cost: 0, first in last out: False)"
ab9941d3-b935-456d-b80d-13e82516b99a,1204A BUS,Arboc (GM Chassis),Spirit of Mobility,White,KFM 984,3,active,1HA6GUBG8KN009375,"935 Henry Ave, Winnipeg, MB  R3E 3L3",AB Transit Inc.,2019,24' Bus; 1200A series,417,7cf39a3a-95f8-4bbf-8b60-dc5bc2ec8edd,legacy,2024-06-03 20:54:28,2024-07-19 11:08:55,,"wheelchair (count: 2, seat cost: 0, first in last out: True); walker (count: 2, seat cost: 0, first in last out: False); oversizedWalker (count: 2, seat cost: 0, first in last out: False); serviceAnimal (count: 3, seat cost: 0, first in last out: False); oxygenTank (count: 2, seat cost: 0, first in last out: False)"
b82ba961-22df-4189-b0d7-f38c32efabaf,1202A BUS,Arboc (GM Chassis),Spirit of Mobility,White,KFM 982,3,active,1HA6GUBG2KN009596,"1425 Regent Ave W, Winnipeg, MB  R2C 3B2",AB Transit Inc.,2019,24' Bus; 1200A series,417,7cf39a3a-95f8-4bbf-8b60-dc5bc2ec8edd,legacy,2024-06-03 20:54:28,2024-07-19 11:09:01,,"wheelchair (count: 2, seat cost: 0, first in last out: True); walker (count: 2, seat cost: 0, first in last out: False); oversizedWalker (count: 2, seat cost: 0, first in last out: False); serviceAnimal (count: 3, seat cost: 0, first in last out: False); oxygenTank (count: 2, seat cost: 0, first in last out: False)"
d9491833-0c8c-4c77-85b7-79904aa7aa29,1205A BUS,Arboc (GM Chassis),Spirit of Mobility,White,KFM 985,3,active,1HA6GUBG2KN009422,"1425 Regent Ave W, Winnipeg, MB  R2C 3B2",AB Transit Inc.,2019,24' Bus; 1200A series,417,7cf39a3a-95f8-4bbf-8b60-dc5bc2ec8edd,legacy,2024-06-03 20:54:28,2024-07-19 11:09:07,,"wheelchair (count: 2, seat cost: 0, first in last out: True); walker (count: 2, seat cost: 0, first in last out: False); oversizedWalker (count: 2, seat cost: 0, first in last out: False); serviceAnimal (count: 3, seat cost: 0, first in last out: False); oxygenTank (count: 2, seat cost: 0, first in last out: False)"
f61b16ae-68f0-4ff9-8044-890a6be8d57a,C7AB SUV,Toyota,RAV4 SE Hybrid,White,JBV 927,3,active,2T34WRFV0RW206600,"42 Tanager Trail, Winnipeg, MB  R3X 0P6",AB Transit Inc.,2022,Car,417,77e0beba-d929-4b9d-b543-920fc6faf5bc,legacy,2024-06-03 20:54:28,2024-07-19 11:09:14,,"walker (count: 2, seat cost: 0, first in last out: False); serviceAnimal (count: 1, seat cost: 1, first in last out: False)"
